"company_name","canonical_company_name","public_company_name"
"&Collar","&Collar","JPMorgan Chase & Co."
"100 Percent Speedlab","100 Percent Speedlab","Visa Inc."
"a_dozen_cousins","A Dozen Cousins","Netflix Inc"
"a dozen cousins","A Dozen Cousins","Netflix Inc"
"A Dozen Cousins, LLC","A Dozen Cousins","Netflix Inc"
"A Dozen Cousins","A Dozen Cousins","20440"
"Actual Veggies","Actual Veggies","Microsoft Corp"
"__financial_screener__Actual Veggies","Actual Veggies","Microsoft Corp"
"Aesthetic Management Partners","Aesthetic Management Partners","Exxon Mobil Corporation"
"Aesthetic Revolution","Aesthetic Revolution","Mastercard Incorporated"
"Aesthetic Revolution LLC","Aesthetic Revolution","Mastercard Incorporated"
"Affy Tapple","Affy Tapple","Costco Wholesale Corp"
"Algenist LLC","Algenist","Walmart Inc."
"Algenist","Algenist","Walmart Inc."
"Alkaline88 Water","Alkaline88 Water","Procter & Gamble Company"
"Alleyoop","Alleyoop","UnitedHealth Group Incorporated"
"Alleyoop, Inc","Alleyoop","UnitedHealth Group Incorporated"
"Alleyoop, Inc.","Alleyoop","UnitedHealth Group Incorporated"
"Amberjack","Amberjack","Johnson & Johnson"
"Ami Cole","Ami Cole","Home Depot, Inc."
"Ami Colé","Ami Cole","Home Depot, Inc."
"Ana Luisa","Ana Luisa","AbbVie Inc."
"Another Tomorrow, Inc.","Another Tomorrow","Coca-Cola Company"
"Another Tomorrow","Another Tomorrow","Coca-Cola Company"
"Ash & Erie","Ash & Erie","Philip Morris International Inc."
"Ash & Erie, Inc","Ash & Erie","Philip Morris International Inc."
"Aura Bora, Inc.","Aura Bora","Bank of America Corporation"
"Aura Bora","Aura Bora","Bank of America Corporation"
"Aura Bora, Inc","Aura Bora","Bank of America Corporation"
"AURA BORA, INC,","Aura Bora","Bank of America Corporation"
"aura_bora_inc","Aura Bora","Bank of America Corporation"
"Awe Inspired","Awe Inspired","Salesforce, Inc."
"B.Joy Brands Petalura","B.Joy Brands Petalura","Palantir Technologies Inc. Class A"
"BURST.USA INC.","BURST.USA","Thermo Fisher Scientific, Inc."
"BURST.USA","BURST.USA","Thermo Fisher Scientific, Inc."
"Bala","Bala","Wells Fargo & Co."
"Bare Bones","Bare Bones","Cisco Systems, Inc."
"Baseball Lifestyle","Baseball Lifestyle","McDonald's Corporation"
"Baseball Lifestyle 101","Baseball Lifestyle","McDonald's Corporation"
"Be Well Nutrition","Be Well Nutrition","Oracle Corp"
"Be Well Nutrition Inc.","Be Well Nutrition","Oracle Corp"
"Bean Vivo","Bean Vivo","Chevron Corporation"
"Beautiisoles","Beautiisoles","Abbott Laboratories"
"Belgian Boys","Belgian Boys","GE Aerospace"
"financial_screener__Belgian Boys","Belgian Boys","GE Aerospace"
"Better Booch, LLC","Better Booch","Linde Plc"
"Better Booch","Better Booch","Linde Plc"
"Better Sour","Better Sour","Merck & Co., Inc."
"Beyond Better Foods","Beyond Better Foods","AT&T Inc."
"BiOptimizers","BiOptimizers","ServiceNow, Inc."
"Bioptimizers","Bioptimizers","43750"
"birddogs_inc","Birddogs","Accenture Plc"
"Birddogs","Birddogs","Accenture Plc"
"Birddogs Inc.","Birddogs","Accenture Plc"
"birddogs","Birddogs","Accenture Plc"
"Blue Tees Enterprises","Blue Tees","PepsiCo, Inc."
"Blue Tees Enterprises LLC","Blue Tees","PepsiCo, Inc."
"Blue Tees","Blue Tees","PepsiCo, Inc."
"Bluffworks","Bluffworks","Verizon Communications"
"bluffworks_inc","Bluffworks","Verizon Communications"
"Bluffworks, Inc.","Bluffworks","Verizon Communications"
"Bluffworks (Stefan Loble, LLC)","Bluffworks","Verizon Communications"
"Bobabam","Bobabam","International Business Machines Corporation"
"BEK Foods LLC (Bobabam)","Bobabam","International Business Machines Corporation"
"bek_foods_llc","Bobabam","International Business Machines Corporation"
"BEK Foods LLC","Bobabam","International Business Machines Corporation"
"Bodega","Bodega","Intuitive Surgical Inc."
"Body Restore","Body Restore","Intuit Inc"
"__financial_screener_Boldify","Boldify","Alphabet Inc. Class C"
"Boldify","Boldify","Alphabet Inc. Class C"
"Bonafide Provisions","Bonafide Provisions","Nvidia Corp"
"__financial_screener__Bonafied Provisions","Bonafide Provisions","Nvidia Corp"
"boomerang","Boomerang's Foods","Goldman Sachs Group Inc."
"Boomerang's Foods, Inc.","Boomerang's Foods","Goldman Sachs Group Inc."
"Boomerang Foods, Inc.","Boomerang's Foods","Goldman Sachs Group Inc."
"Boomerangs Foods","Boomerang's Foods","Goldman Sachs Group Inc."
"Boomerangs Foods, Inc.","Boomerang's Foods","Goldman Sachs Group Inc."
"Boomerang's Foods","Boomerang's Foods","Goldman Sachs Group Inc."
"Boomerang Foods","Boomerang's Foods","Goldman Sachs Group Inc."
"Bow & Drape Holdings","Bow & Drape Holdings","Uber Technologies, Inc."
"Bow & Drape Holdings, LLC","Bow & Drape Holdings","Uber Technologies, Inc."
"Brami","Brami","Booking Holdings Inc."
"Brew Dr.","Brew Dr.","RTX Corporation"
"Bubble Beauty, Inc.","Bubble Beauty","Progressive Corporation"
"Bubble Beauty","Bubble Beauty","Progressive Corporation"
"Bubble Beauty Inc.","Bubble Beauty","Progressive Corporation"
"Buffy Inc.","Buffy","The Walt Disney Company"
"Buffy","Buffy","The Walt Disney Company"
"Burke Decor","Burke Decor","Qualcomm Inc"
"CADDIS","CADDIS","Adobe Inc."
"CADDIS CO.","CADDIS","Adobe Inc."
"caddis_ifm_2025","CADDIS","Adobe Inc."
"CNI Brands","CNI Brands","The Charles Schwab Corporation"
"Campo","Campo Grande","Amazon.com Inc"
"Campo Grande","Campo Grande","Amazon.com Inc"
"__financial_screener__Campo Grande","Campo Grande","Amazon.com Inc"
"Carbone","Carbone","Advanced Micro Devices"
"Cariloha","Cariloha","S&P Global Inc."
"Carrington Farms","Carrington Farms","Amgen Inc"
"Cesta Collective","Cesta Collective","Boston Scientific Corp."
"Cherabundi","Cherabundi","American Express Company"
"Christy Dawn","Christy Dawn","Caterpillar Inc."
"The Citizenry","Citizenry","Texas Instruments Incorporated"
"Havenly CZ","Citizenry","Texas Instruments Incorporated"
"The Citizenry, Inc. (Havenly CZ)","Citizenry","Texas Instruments Incorporated"
"Citizenry","Citizenry","Texas Instruments Incorporated"
"Havenly CZ, LLC","Citizenry","Texas Instruments Incorporated"
"The Citizenry, Inc.","Citizenry","Texas Instruments Incorporated"
"Clean Cause","Clean Cause","TJX Companies, Inc."
"Clive Coffee","Clive Coffee","Morgan Stanley"
"Coconut Cult","Coconut Cult","Pfizer Inc."
"Contenders","Contenders","NextEra Energy, Inc."
"Copy of Ettitude","Copy of Ettitude","Boeing Company"
"Coyuchi","Coyuchi","Honeywell International, Inc."
"Cubby Beds","Cubby Beds","BlackRock, Inc."
"D's Naturals","D's Naturals","Gilead Sciences Inc"
"D's Naturals, LLC","D's Naturals","Gilead Sciences Inc"
"D's Natural's (No Cow)","D's Naturals","Gilead Sciences Inc"
"DD Karma LLC","DD Karma Dermaflash","Citigroup Inc."
"DD Karma Dermaflash","DD Karma Dermaflash","Citigroup Inc."
"DD Karma (Dermaflash)","DD Karma Dermaflash","Citigroup Inc."
"DD Karma","DD Karma Dermaflash","Citigroup Inc."
"DERMAFLASH","DD Karma Dermaflash","Citigroup Inc."
"DEPRECATED Seaweed Bath","DEPRECATED Seaweed Bath","Stryker Corporation"
"Seaweed Bath","DEPRECATED Seaweed Bath","Stryker Corporation"
"The Seaweed Bath Company","DEPRECATED Seaweed Bath","Stryker Corporation"
"The Seaweed Bath Co.","DEPRECATED Seaweed Bath","Stryker Corporation"
"The Seaweed Bath Co","DEPRECATED Seaweed Bath","Stryker Corporation"
"Seaweed Bath Luminary Brands","DEPRECATED Seaweed Bath Luminary Brands","Danaher Corporation"
"DEPRECATED Seaweed Bath Luminary Brands","DEPRECATED Seaweed Bath Luminary Brands","Danaher Corporation"
"Daddies Board Shop","Daddies Board Shop","Vertex Pharmaceuticals Inc"
"Daddies Board Shop, LLC","Daddies Board Shop","Vertex Pharmaceuticals Inc"
"Dame","Dame","Union Pacific Corp."
"Dart Displays","Dart Displays","Comcast Corp"
"Dessy Group","Dessy Group","Lowe's Companies Inc."
"dirty_labs","Dirty Labs","Palo Alto Networks, Inc."
"Dirty Labs Inc.","Dirty Labs","Palo Alto Networks, Inc."
"Dirty Labs","Dirty Labs","Palo Alto Networks, Inc."
"Doen","Doen","Applied Materials Inc"
"Don't Run Out","Don't Run Out","Automatic Data Processing"
"Don't Run Out, Inc (d/b/a Public Goods)","Don't Run Out","Automatic Data Processing"
"Drink Biolyte","Drink Biolyte","T-Mobile US, Inc."
"Dumpling Daughter","Dumpling Daughter","Deere & Company"
"Dyper","Dyper","Eaton Corporation, PLC"
"Eat the Change","Eat the Change","Marsh & McLennan Companies, Inc."
"Ellis Brooklyn","Ellis Brooklyn","Medtronic Plc"
"Ettitude Holdings Inc","Ettitude","Chubb Limited"
"Ettitude Holdings, Inc.","Ettitude","Chubb Limited"
"Ettitude Holdings","Ettitude","Chubb Limited"
"Ettitude","Ettitude","Chubb Limited"
"evelyn__bobbie","Evelyn & Bobbie","Crowdstrike Holdings, Inc. Class A"
"Evelyn & Bobbie, LLC","Evelyn & Bobbie","Crowdstrike Holdings, Inc. Class A"
"Evelyn & Bobbie","Evelyn & Bobbie","Crowdstrike Holdings, Inc. Class A"
"Felix Gray","Felix Gray","American Tower Corporation"
"Felix Gray Inc.","Felix Gray","American Tower Corporation"
"Fellow Products","Fellow Products","Fiserv, Inc."
"feno_labs","Feno Labs","GE Vernova Inc."
"Feno Labs- IFM","Feno Labs","GE Vernova Inc."
"Feno Labs","Feno Labs","GE Vernova Inc."
"Figue","Figue","Bristol-Myers Squibb Co."
"__financial_screener__Fishwife","Fishwife","Meta Platforms, Inc. Class A"
"Fishwife","Fishwife","Meta Platforms, Inc. Class A"
"Flag & Anthem","Flag & Anthem","The Southern Company"
"Flag and Anthem","Flag and Anthem","Altria Group, Inc."
"Flying Embers","Flying Embers","Lockheed Martin Corp."
"Follow Your Legend","Follow Your Legend","CME Group Inc."
"Gym & Fitness Inc.","Force USA","Elevance Health, Inc."
"Force USA","Force USA","Elevance Health, Inc."
"Frame It All","Frame It All","Analog Devices, Inc."
"Fresh Clean Threads","Fresh Clean Threads","Intercontinental Exchange Inc."
"Fruigees","Fruigees","Blackstone Inc."
"Fuego Shoes","Fuego Shoes","Duke Energy Corporation"
"__financial_screener__Full Glass Wine","Full Glass Wine","Berkshire Hathaway Class B"
"Full Glass Wine","Full Glass Wine","Berkshire Hathaway Class B"
"GL Concepts (New)","GL Concepts","Welltower Inc."
"GL Concepts LLC","GL Concepts","Welltower Inc."
"GL Concepts","GL Concepts","Welltower Inc."
"GOAT Foods","GOAT Foods","McKesson Corporation"
"Gainful","Gainful","Prologis, Inc."
"Gathre","Gathre","KLA Corporation"
" __financial_screener__Genius Gourmet","Genius Gourmet","Apple Inc."
"Genius Gourmet","Genius Gourmet","Apple Inc."
"__financial_screener__Genius Gourmet","Genius Gourmet","Apple Inc."
"Ghia","Ghia","Amphenol Corporation"
"Gift Services, LLC","Gift Services","The Cigna Group"
"Gift Services, Inc.","Gift Services","The Cigna Group"
"Gift Services","Gift Services","The Cigna Group"
"Glamnetic","Glamnetic","Lam Research Corp"
"Global Sales Group","Global Sales Group","Starbucks Corp"
"GoPure Beauty","GoPure Beauty","Micron Technology, Inc."
"Natural Lifestyle Brands","GoPure Beauty","Micron Technology, Inc."
"Golde Wellness","Golde Wellness","Mondelez International, Inc. Class A"
"Golde Wellness, Inc.","Golde Wellness","Mondelez International, Inc. Class A"
"Good Sam","Good Sam","Intel Corp"
"Goodles","Goodles","Trane Technologies Plc"
"__financial_screener__Gorilla Mind","Gorilla Mind","Alphabet Inc. Class A"
"Gorilla Mind","Gorilla Mind","Alphabet Inc. Class A"
"Grand Voyage LLC","Grand Voyage","Waste Management, Inc."
"Grand Voyage","Grand Voyage","Waste Management, Inc."
"Graza","Graza","Arista Networks"
"Great Frontier","Great Frontier","CVS Health Corporation"
"Guardian Bikes","Guardian Bikes","Equinix, Inc. REIT"
"Guardian Bike Company","Guardian Bikes","Equinix, Inc. REIT"
"Syscend and Guardian Bike Company","Guardian Bikes","Equinix, Inc. REIT"
"Syscend, Inc. and Guardian Bike Company","Guardian Bikes","Equinix, Inc. REIT"
"Guardian Bike","Guardian Bikes","Equinix, Inc. REIT"
"Guardian Bike Company & Syscend, Inc.","Guardian Bikes","Equinix, Inc. REIT"
"Syscend and Guardian Bike","Guardian Bikes","Equinix, Inc. REIT"
"Hammitt","Hammitt","The Sherwin-Williams Company"
"Hammitt Inc","Hammitt","The Sherwin-Williams Company"
"Hanky Panky","Hanky Panky","Cadence Design Systems"
"Happi Foodie Co","Happi Foodie Co","Arthur J. Gallagher & Co."
"Happy Dad, LLC","Happy Dad","O'Reilly Automotive, Inc."
"Happy Dad","Happy Dad","O'Reilly Automotive, Inc."
"Hardworking Gentlemen","Hardworking Gentlemen","TransDigm Group Incorporated"
"Haute Hijab","Haute Hijab","Parker-Hannifin Corporation"
"Healthy Spot","Healthy Spot","KKR & Co. Inc."
"Hi-Touch Distribution","Hi-Touch Distribution","Aon Plc Class A"
"highbury_furnishings_llc","Highbury Furnishings","3M Company"
"Highbury Furnishings, LLC","Highbury Furnishings","3M Company"
"Highbury Furnishings","Highbury Furnishings","3M Company"
"Hoist","Hoist","Colgate-Palmolive Company"
"Holme and Hadfield","Holme and Hadfield","Motorola Solutions, Inc."
"Holy Grail Provisions","Holy Grail Provisions","Cintas Corp"
"Holy Grail Provisions LLC","Holy Grail Provisions","Cintas Corp"
"Homesick BVG","Homesick BVG","Williams Companies Inc."
"Homesick BVG LLC","Homesick BVG","Williams Companies Inc."
"Honeylove","Honeylove","Synopsys Inc"
"Hostage Tape","Hostage Tape","Moody's Corporation"
"Ice Mule","Ice Mule","Zoetis Inc."
"Impossible Kicks","Impossible Kicks","Constellation Energy Corporation"
"Inked Bread","Inked Bread","United Parcel Service, Inc. Class B"
"insert_name_here_llc","Insert Name Here","General Dynamics Corporation"
"Insert Name Here","Insert Name Here","General Dynamics Corporation"
"Insert Name Here, LLC","Insert Name Here","General Dynamics Corporation"
"Insert Name Here LLC","Insert Name Here","General Dynamics Corporation"
"Iron Lion Soap","Iron Lion Soap","Capital One Financial"
"Ivy City","Ivy City","Chipotle Mexican Grill, Inc."
"Janji","Janji","Nike, Inc."
"Janji LLC","Janji","Nike, Inc."
"Ject","Ject","Northrop Grumman Corp."
"Jimmy Bars","Jimmy Bars","Fortinet, Inc."
"Jonas Paul Eyewear","Jonas Paul Eyewear","DoorDash, Inc. Class A"
"JuneShine","JuneShine","PayPal Holdings, Inc."
"JuneShine Inc.","JuneShine","PayPal Holdings, Inc."
"Junkless Foods","Junkless Foods","Illinois Tool Works Inc."
"Juvenon","Juvenon","PNC Financial Services Group"
"KOS","KOS","Air Products & Chemicals, Inc."
"Kaged Muscle","Kaged","Ecolab, Inc."
"Kaged","Kaged","Ecolab, Inc."
"Kaged Muscle, LLC","Kaged","Ecolab, Inc."
"Kaged Muscle LLC","Kaged","Ecolab, Inc."
"Karma and Luck","Karma and Luck","AutoZone, Inc."
"Kenny Flowers","Kenny Flowers","Regeneron Pharmaceuticals Inc"
"Kids Embrace","Kids Embrace","U.S. Bancorp"
"Kinco","Kinco","EOG Resources, Inc."
"Kiss My Face Yes To","Kiss My Face Yes To","HCA Healthcare, Inc."
"Koral, LLC","Koral","Apollo Global Management, Inc."
"Koral LLC","Koral","Apollo Global Management, Inc."
"Koral","Koral","Apollo Global Management, Inc."
"Kosterina","Kosterina","35387"
"Kosterina Corporation","Kosterina","Roper Technologies, Inc."
"kosterina_corporation","Kosterina","Roper Technologies, Inc."
"kosterina","Kosterina","Roper Technologies, Inc."
"Kosterina ","Kosterina","Roper Technologies, Inc."
"Kudos","Kudos","Newmont Corporation"
"LTH JKT","LTH JKT","Hilton Worldwide Holdings Inc."
"LTH JKT LLC","LTH JKT","Hilton Worldwide Holdings Inc."
"Laird Super Food","Laird Super Food","The Travelers Companies, Inc."
"Laura Garcia","Laura Garcia","Becton, Dickinson and Co."
"LifeAID","LifeAID","Emerson Electric Co."
"Lift Foils","Lift Foils","Autodesk Inc"
"Lilac Street","Lilac Street","American Electric Power Company, Inc."
"Linksoul, LLC","Linksoul","Bank of New York Mellon Corporation"
"Linksoul","Linksoul","Bank of New York Mellon Corporation"
"Linksoul LLC","Linksoul","Bank of New York Mellon Corporation"
"Litographs","Litographs","Howmet Aerospace Inc."
"Lola Blankets","Lola Blankets","Johnson Controls International Plc"
"Loops","Loops","Marriot International Class A"
"Lucy Goods","Lucy Goods","CSX Corporation"
"Luminary Natural Brands, LLC (w/ The Seaweed Bath Co.)","Luminary Natural Seaweed Bath","Aflac Inc."
"Luminary Natural Seaweed Bath","Luminary Natural Seaweed Bath","Aflac Inc."
"Luminary Natural Brands, LLC","Luminary Natural Seaweed Bath","Aflac Inc."
"Luminary Brands (w The Seaweed Bath Co.)","Luminary Natural Seaweed Bath","Aflac Inc."
"Lunya Company","Lunya","Copart Inc"
"Lunya","Lunya","Copart Inc"
"Mad Rabbit","Mad Rabbit","Royal Caribbean Group"
"Mad Rabbit Tattoo Inc","Mad Rabbit Tattoo","Airbnb, Inc. Class A"
"Mad Rabbit Tattoo","Mad Rabbit Tattoo","Airbnb, Inc. Class A"
"Magic Mind","Magic Mind","The Allstate Corporation"
"Mara Hoffman","Mara Hoffman","Workday, Inc. Class A"
"Margaux","Margaux","Freeport-McMoran Inc."
"MDBC LLC (Mason Dixie Biscuit Company)","Mason Dixie","ONEOK, Inc."
"Mason Dixie Biscut Company","Mason Dixie","ONEOK, Inc."
"Mason Dixie","Mason Dixie","ONEOK, Inc."
"mdbc_llc_mason_dixie_biscuit_company","Mason Dixie","ONEOK, Inc."
"Mason Dixie Biscuit Company","Mason Dixie","ONEOK, Inc."
"Mason Dixie Foods","Mason Dixie","ONEOK, Inc."
"Material Kitchen","Material Kitchen","Republic Services Inc."
"Mating Components","Mating Components","Kinder Morgan, Inc."
"Mating Components, LLC","Mating Components","Kinder Morgan, Inc."
"Max Retail","Max Retail","Digital Realty Trust, Inc."
"Mela Water","Mela Water","Norfolk Southern Corp."
"eat_mezcla","Mezcla","ConocoPhillips"
"Eat Mezcla","Mezcla","ConocoPhillips"
"Eat Mezcla, Inc.","Mezcla","ConocoPhillips"
"Mezcla","Mezcla","ConocoPhillips"
"Mignonne Gavigan","Mignonne Gavigan","Cencora, Inc."
"Minnow Swim","Minnow Swim","Carrier Global Corporation"
"minnow_swim_llc","Minnow Swim","Carrier Global Corporation"
"Minnow Swim_","Minnow Swim","Carrier Global Corporation"
"Minnow Swim LLC","Minnow Swim","Carrier Global Corporation"
"Mirakle Cosmetcis","Mirakle Cosmetcis","Truist Financial Corporation"
"Misfits Health","Misfits Health","Realty Income Corporation"
"Moment","Moment","Fair Isaac Corporation"
"Monsoon Kitchens","Monsoon Kitchens","American International Group, Inc."
"Munk Pack","Munk Pack","Simon Property Group, Inc."
"Munkpack","Munk Pack","Simon Property Group, Inc."
"My Obvi, LLC","My Obvi","The Kroger Co."
"My Obvi","My Obvi","The Kroger Co."
"Myles Athletic Inc.","Myles Athletic","Public Storage"
"Myles Athletic","Myles Athletic","Public Storage"
"NUDESTIX","NUDESTIX","Broadcom Inc."
"NewAlley Innovation","NewAlley Innovation","PACCAR Inc"
"NewAlley Innovations, Inc.","NewAlley Innovation","PACCAR Inc"
"Next Foods","Next Foods","Exelon Corporation"
"Nickey Kehoe","Nickey Kehoe","Paychex Inc"
"Nood","Nood","Sempra"
"NuFace","NuFace","FedEx Corporation"
"Nudestix","Nudestix","Broadcom Inc."
"__financial_screener__NUDESTIX","Nudestix","Broadcom Inc."
"Oats Overnight","Oats Overnight","Schlumberger Limited"
"Obvious Wines LLC","Obvious Wines","Fastenal Co"
"Obvious Wines","Obvious Wines","Fastenal Co"
"Onda","Onda","Crown Castle Inc."
"Pacha Soap","Pacha Soap","Discover Financial Services"
"Paka Apparel","Paka Apparel","Ross Stores Inc"
"Parks Project","Parks Project","Dominion Energy, Inc"
"Partake Foods","Partake Foods","W.W. Grainger, Inc."
"Peace Coffee","Peace Coffee","Ameriprise Financial, Inc."
"Peanut Butter","Peanut Butter","Kenvue Inc."
"The Perfect Jean","Perfect Jean","General Motors Company"
"Perfect Jean","Perfect Jean","General Motors Company"
"The Perfect Jean LLC","Perfect Jean","General Motors Company"
"the_perfect_jean_llc","Perfect Jean","General Motors Company"
"The Perfect Jean, LLC","Perfect Jean","General Motors Company"
"piloti","Piloti","Edwards Lifesciences Corp"
"Piloti LLC","Piloti","Edwards Lifesciences Corp"
"Plant Paper","Plant Paper","Axon Enterprise, Inc."
"Pop & Suki","Pop & Suki","Target Corporation"
"Pop and Bottle","Pop and Bottle","Vistra Corp."
"Popular Poison Graphics","Popular Poison Graphics","Kimberly-Clark Corp."
"Popular Poison Graphics LLC","Popular Poison Graphics","Kimberly-Clark Corp."
"Popular Poison","Popular Poison Graphics","Kimberly-Clark Corp."
"Project Pearl","Project Pearl","TE Connectivity Plc"
"Proof Collective","Proof Collective","MetLife, Inc."
"Proof Collective Holdings","Proof Collective Holdings","Marathon Petroleum Corporation"
"Proof Collective Holdings, LLC","Proof Collective Holdings","Marathon Petroleum Corporation"
"Proper Good","Proper Good","Quanta Services, Inc."
"Public Goods","Public Goods","Phillips 66"
"Qalo Holdings","Qalo Holdings","Corteva, Inc."
"Qalo Holdings, LLC","Qalo Holdings","Corteva, Inc."
"RAEN","RAEN","Monster Beverage Corporation"
"RAEN OPTICS LLC","RAEN","Monster Beverage Corporation"
"RAEN OPTICS, LLC","RAEN","Monster Beverage Corporation"
"RAEN OPTICS","RAEN","Monster Beverage Corporation"
"REM Beauty","REM Beauty","Public Service Enterprise Group Incorporated"
"RV Revive Skincare","RV Revive Skincare","Take-Two Interactive Software Inc"
"Rachio","Rachio","MSCI, Inc."
"Raindrops","Raindrops","Yum! Brands, Inc."
"Rama Sita","Rama Sita","Verisk Analytics, Inc."
"Ranch Hand","Ranch Hand","Fidelity National Information Services, Inc."
"Ranch Hand LLC","Ranch Hand","Fidelity National Information Services, Inc."
"Rareform","Rareform","L3Harris Technologies, Inc."
"Rea.deeming Beauty","Rea.deeming Beauty","Keurig Dr Pepper Inc."
"Recycled Karma Brands","Recycled Karma Brands","United Rentals, Inc."
"Recycled Karma Brands LLC","Recycled Karma Brands","United Rentals, Inc."
"Red Apple Fireworks","Red Apple Fireworks","Xcel Energy, Inc."
"Reel Paper","Reel Paper","Cummins Inc."
"RevAir","RevAir","AMETEK, Inc."
"Richer Poorer LLC","Richer Poorer","Consolidated Edison, Inc."
"Richer Poorer","Richer Poorer","Consolidated Edison, Inc."
"Round 2","Round 2","Ford Motor Company"
"Roz","Roz","Otis Worldwide Corporation"
"SV Sports","SV Sports","Extra Space Storage, Inc."
"Sam Hubbard","Sam Hubbard","Charter Comm Inc Del Cl A"
"Sand Cloud Holdings","Sand Cloud Holdings","Targa Resources Corp."
"Sand Cloud Holdings LLC","Sand Cloud Holdings","Targa Resources Corp."
"Sanzo","Sanzo","Valero Energy Corporation"
"Savor Street","Savor Street","Cognizant Technology Solutions"
"Scout Distribution","Scout Distribution","Prudential Financial, Inc."
"Scout Distribution, LLC","Scout Distribution","Prudential Financial, Inc."
"scout_distribution","Scout Distribution","Prudential Financial, Inc."
"Seal Seasons","Seal Seasons","PG&E Corporation"
"Seal the Seasons","Seal Seasons","PG&E Corporation"
"Seattle Coffee Gear","Seattle Coffee Gear","CBRE Group, Inc."
"Seaweed Bath Test","Seaweed Bath Test","D.R. Horton Inc."
"Seaweed Bath Co. Test","Seaweed Bath Test","D.R. Horton Inc."
"Sesh","Sesh","Hess Corporation"
"Seven Teas","Seven Teas","Entergy Corporation"
"Slayer Forever","Slayer Forever","IDEXX Laboratories Inc"
"Snow Cosmetrics","Snow Cosmetrics","The Hartford Insurance Group, Inc."
"Soapbox","Soapbox","Baker Hughes Company"
"Solawave","Solawave","Sysco Corporation"
"Somnos, LLC","Somnos","ResMed Inc."
"Somnos","Somnos","ResMed Inc."
"Somnos LLC (Bearby)","Somnos","ResMed Inc."
"somnos","Somnos","ResMed Inc."
"Somnos LLC","Somnos","ResMed Inc."
"Spiceology","Spiceology","WEC Energy Group, Inc."
"Spiraledge","Spiraledge","Vulcan Materials Company"
"Spiritual Gangster","Spiritual Gangster","Electronic Arts Inc"
"SPREZZABOX, INC","Sprezzabox","Corning Incorporated"
"Sprezzabox","Sprezzabox","Corning Incorporated"
"ST. FRANK LTD.","St. Frank","Cardinal Health, Inc."
"ST. FRANK LTD","St. Frank","Cardinal Health, Inc."
"St. Frank","St. Frank","Cardinal Health, Inc."
"State Bags","State Bags","Arch Capital Group Ltd"
"Status Audio","Status Audio","VICI Properties Inc."
"Storypod","Storypod","eBay Inc"
"strands_hair_care_inc","Strands Hair Care","Gartner, Inc."
"Strands Hair Care","Strands Hair Care","Gartner, Inc."
"Strands Hair Care, Inc.","Strands Hair Care","Gartner, Inc."
"Studio McGee","Studio McGee","Equifax, Incorporated"
"Sud Scrub","Sud Scrub","GE Healthcare Technologies Inc."
"Sunday Citizen ","Sunday Citizen","Martin Marietta Materials"
"Sunday Citizen","Sunday Citizen","Martin Marietta Materials"
"Sunwink","Sunwink","Humana Inc."
"Super Coffee","Super Coffee","Wabtec Inc."
"Super Heroic","Super Heroic","Nasdaq, Inc."
"Super Ordinary","Super Ordinary","General Mills, Inc."
"Super Smalls","Super Smalls","CoStar Group Inc"
"Super Smalls, Inc.","Super Smalls","CoStar Group Inc"
"super_smalls","Super Smalls","CoStar Group Inc"
"Super Smalls Inc","Super Smalls","CoStar Group Inc"
"Supergut","Supergut","Tesla, Inc."
"__financial_screener__Supergut","Supergut","Tesla, Inc."
"Swaddle Designs","Swaddle Designs","Willis Towers Watson Public Limited Company"
"SWIMS NA LLC","Swims","Agilent Technologies Inc."
"Swims","Swims","Agilent Technologies Inc."
"SWIMS Worldwide LLC & SWIMS NA LLC & SWIMS IP LLC","Swims","Agilent Technologies Inc."
"SWIMS NA","Swims","Agilent Technologies Inc."
"TRUE Linkswear","TRUE Linkswear","Monolithic Power Systems, Inc."
"Tache","Tache","Ventas, Inc."
"Taste Salud","Taste Salud","Ingersoll Rand Inc."
"Tea Collection","Tea Collection","Lululemon Athletica Inc."
"Ten Little","Ten Little","AvalonBay Communities, Inc."
"Ten Thousand","Ten Thousand","Centene Corporation"
"Ten Toes Down","Ten Toes Down","EQT Corp"
"Terra Kaffe","Terra Kaffe","Xylem Inc"
"Terra Kafe","Terra Kaffe","Xylem Inc"
"The Air Lab","The Air Lab","Constellation Brands, Inc."
"The Air Lab, LLC","The Air Lab","Constellation Brands, Inc."
"The Arrivals","The Arrivals","Old Dominion Freight Line"
"The New Primal","The New Primal","Garmin Ltd"
"Thirteen Lune","Thirteen Lune","American Water Works Company, Inc"
"Tidbits","Tidbits","Dell Technologies Inc."
"Tre Milano","Tre Milano","DTE Energy Company"
"Tre Milano LLC","Tre Milano","DTE Energy Company"
"Triple Aught Design","Triple Aught Design","Broadridge Financial Solutions Inc"
"Two Spirit","Two Spirit","M&T Bank Corp."
"Type A Brands Inc.","Type A Brands","ANSYS Inc"
"Type A Brands","Type A Brands","ANSYS Inc"
"Uhuru Design","Uhuru Design","Nucor Corporation"
"Uhuru Design, LLC","Uhuru Design","Nucor Corporation"
"Underoutfit","Underoutfit","Rockwell Automation, Inc."
"Une Femme","Une Femme","DexCom, Inc."
"Upspring","Upspring","DuPont De Nemours, Inc."
"Ursa Major Natural Care LLC","Ursa Major","Tractor Supply Co"
"Ursa Major","Ursa Major","Tractor Supply Co"
"Ursa Major Natural Care","Ursa Major","Tractor Supply Co"
"Village Global Fruit","Village Global Fruit","PPL Corporation"
"Village Global Fruit Inc","Village Global Fruit","PPL Corporation"
"Violet Grey, Inc.","Violet Grey","Ameren Corporation"
"Violet Grey","Violet Grey","Ameren Corporation"
"Violette FR","Violette FR","Delta Air Lines, Inc."
"Vitamin A Enterprises, Inc.","Vitamin A","Occidental Petroleum Corporation"
"Vitamin A","Vitamin A","Occidental Petroleum Corporation"
"W.M. GOLF INC.","W.M. GOLF","GoDaddy Inc"
"W.M. GOLF","W.M. GOLF","GoDaddy Inc"
"WIN Brands","WIN Brands","The Kraft Heinz Company"
"Win Brands Group","WIN Brands","The Kraft Heinz Company"
"Win Brands Group LLC","WIN Brands","The Kraft Heinz Company"
"Wardrobe","Wardrobe.NYC","Iron Mountain Inc."
"Wardrobe LLC","Wardrobe.NYC","Iron Mountain Inc."
"Wardrobe NYC","Wardrobe.NYC","Iron Mountain Inc."
"Wardrobe.NYC","Wardrobe.NYC","Iron Mountain Inc."
"Warroad","Warroad","Brown & Brown, Inc."
"Wild Rye","Wild Rye","SBA Communications Corp"
"_financial_screener__Wild Wonder","Wild Wonder","Eli Lilly & Co."
"Wild Wonder","Wild Wonder","Eli Lilly & Co."
"Wildbird","Wildbird","Atmos Energy Corporation"
"Wildfang Co","Wildfang Co","State Street Corporation"
"wildwonder","Wildwonder","IQVIA Holdings Inc."
"Wildwonder Brands Inc.","Wildwonder","IQVIA Holdings Inc."
"Wild Wonder","Wildwonder","IQVIA Holdings Inc."
"Yerbae","Yerbae","Lennar Corporation Class A"
"Yerbaé","Yerbae","Lennar Corporation Class A"
"You Can Beam","You Can Beam","CenterPoint Energy, Inc."
"Zico","Zico",""
"janji","janji","58248"
"wardrobe","wardrobe","25925"
